symbol,price
ETHBTC,0.06773
LTCBTC,0.003012
BNBBTC,0.009129
NEOBTC,0.0002977
QTUMETH,0.001199
EOSETH,0.0003891
SNTETH,1.151e-05
BNTETH,0.0002044
BCCBTC,0.079081
GASBTC,8.84e-05
BNBETH,0.1347
BTCUSDT,25890.57
ETHUSDT,1753.69
HSRBTC,0.000414
OAXETH,0.0001778
DNTETH,2.801e-05
MCOETH,0.005772
ICNETH,0.001663
MCOBTC,0.0002114
WTCBTC,5.45e-06
WTCETH,0.000237
LRCBTC,8.15e-06
LRCETH,0.00012086
QTUMBTC,8.11e-05
YOYOBTC,8e-08
OMGBTC,3.08e-05
OMGETH,0.000791
ZRXBTC,6.75e-06
ZRXETH,9.96e-05
STRATBTC,3.085e-05
STRATETH,0.001053
SNGLSBTC,1.3e-07
SNGLSETH,5.306e-05
BQXBTC,8.703e-05
BQXETH,0.0012635
KNCBTC,1.868e-05
KNCETH,0.0003941
FUNBTC,2.9e-07
FUNETH,2.2e-06
SNMBTC,1.127e-05
SNMETH,4.986e-05
NEOETH,0.004398
IOTABTC,6.03e-06
IOTAETH,8.9e-05
LINKBTC,0.0002
LINKETH,0.002952
XVGBTC,1.5e-07
XVGETH,8.7e-07
SALTBTC,4.25e-05
SALTETH,0.001138
MDABTC,3.82e-06
MDAETH,0.0018115
MTLBTC,4.154e-05
MTLETH,0.0006133
SUBBTC,4.57e-06
SUBETH,0.00012334
EOSBTC,2.635e-05
SNTBTC,7.9e-07
ETCETH,0.00862
ETCBTC,0.000583
MTHBTC,2.3e-07
MTHETH,4.135e-05
ENGBTC,6.2e-05
ENGETH,0.0018648
DNTBTC,1.86e-06
ZECBTC,0.000944
ZECETH,0.01397
BNTBTC,1.383e-05
ASTBTC,4.01e-06
ASTETH,6.96e-05
DASHBTC,0.001135
DASHETH,0.01673
OAXBTC,6.39e-06
ICNBTC,5.742e-05
BTGBTC,0.000913
BTGETH,0.052745
EVXBTC,2.74e-06
EVXETH,0.0006249
REQBTC,2.75e-06
REQETH,4.995e-05
VIBBTC,1.72e-06
VIBETH,3.45e-05
HSRETH,0.012474
TRXBTC,2.68e-06
TRXETH,3.959e-05
POWRBTC,4.93e-06
POWRETH,7.29e-05
ARKBTC,1.679e-05
ARKETH,0.001046
YOYOETH,5.828e-05
XRPBTC,1.986e-05
XRPETH,0.0002933
MODBTC,4.28e-05
MODETH,0.001167
ENJBTC,9.68e-06
ENJETH,0.0001429
STORJBTC,9.1e-06
STORJETH,0.0002991
BNBUSDT,236.4
VENBNB,0.1492
YOYOBNB,0.000598
POWRBNB,0.00385
VENBTC,0.00013928
VENETH,0.00325194
KMDBTC,1.023e-05
KMDETH,0.0002097
NULSBNB,0.01257
RCNBTC,7.4e-07
RCNETH,0.00037604
RCNBNB,0.003473
NULSBTC,7.42e-06
NULSETH,0.00051926
RDNBTC,4.47e-06
RDNETH,0.0007153
RDNBNB,0.00623
XMRBTC,0.005268
XMRETH,0.07776
DLTBNB,0.0024
WTCBNB,0.001805
DLTBTC,7.1e-07
DLTETH,0.00016807
AMBBTC,2.9e-07
AMBETH,4.1e-05
AMBBNB,0.000685
BCCETH,2.47246
BCCUSDT,448.7
BCCBNB,54.29
BATBTC,6.56e-06
BATETH,9.67e-05
BATBNB,0.001831
BCPTBTC,4.8e-07
BCPTETH,8.181e-05
BCPTBNB,0.001162
ARNBTC,7.61e-06
ARNETH,0.00029362
GVTBTC,1.792e-05
GVTETH,0.003846
CDTBTC,3.17e-06
CDTETH,5.119e-05
GXSBTC,4.581e-05
GXSETH,0.0006246
NEOUSDT,7.71
NEOBNB,0.03261
POEBTC,5e-08
POEETH,6.64e-06
QSPBTC,7.6e-07
QSPETH,2.249e-05
QSPBNB,0.0005235
BTSBTC,4.3e-07
BTSETH,9.498e-05
BTSBNB,0.001448
XZCBTC,0.0001355
XZCETH,0.0031
XZCBNB,0.2675
LSKBTC,2.69e-05
LSKETH,0.000396
LSKBNB,0.06494
TNTBTC,2.61e-06
TNTETH,9.2e-06
FUELBTC,2.6e-07
FUELETH,2.221e-05
MANABTC,1.316e-05
MANAETH,0.0001944
BCDBTC,1.351e-05
BCDETH,0.00251
DGDBTC,0.003931
DGDETH,0.1926
IOTABNB,0.000659
ADXBTC,5.15e-06
ADXETH,7.6e-05
ADXBNB,0.004929
ADABTC,1.034e-05
ADAETH,0.0001527
PPTBTC,1.855e-05
PPTETH,0.00141
CMTBTC,2.8e-07
CMTETH,6.25e-06
CMTBNB,0.000577
XLMBTC,3.2e-06
XLMETH,4.72e-05
XLMBNB,0.0003498
CNDBTC,6e-08
CNDETH,2.599e-05
CNDBNB,0.0003399
LENDBTC,4.512e-05
LENDETH,0.00137174
WABIBTC,3e-07
WABIETH,0.00040308
WABIBNB,0.0002413
LTCETH,0.04448
LTCUSDT,77.97
LTCBNB,0.3301
TNBBTC,7e-08
TNBETH,7.52e-06
WAVESBTC,5.25e-05
WAVESETH,0.000775
WAVESBNB,0.00513
GTOBTC,7.7e-07
GTOETH,3.197e-05
GTOBNB,0.000352
ICXBTC,7.08e-06
ICXETH,0.0001179
ICXBNB,0.004654
OSTBTC,3.2e-07
OSTETH,2.25e-06
OSTBNB,0.000525
ELFBTC,1.035e-05
ELFETH,0.0001529
AIONBTC,1.39e-06
AIONETH,2.645e-05
AIONBNB,0.002613
NEBLBTC,1.2e-05
NEBLBNB,0.01356
BRDBTC,1.27e-06
BRDETH,1.688e-05
BRDBNB,0.00247
MCOBNB,0.26837
EDOBTC,5.609e-05
EDOETH,0.002266
WINGSBTC,1.193e-05
WINGSETH,0.0003346
NAVBTC,2.77e-06
NAVETH,0.0001187
NAVBNB,0.004237
LUNBTC,8.51e-05
LUNETH,0.004891
TRIGBTC,1.98e-05
TRIGETH,0.000594
TRIGBNB,0.01218
APPCBTC,5.5e-07
APPCETH,0.000146
APPCBNB,0.001891
VIBEBTC,4.2e-07
VIBEETH,5.72e-05
RLCBTC,4.59e-05
RLCETH,0.000679
RLCBNB,0.03344
INSBTC,6.18e-06
INSETH,0.000501
PIVXBTC,7.08e-06
PIVXBNB,0.0166
IOSTBTC,2.9e-07
IOSTETH,4.31e-06
CHATBTC,1.95e-06
CHATETH,6.585e-05
STEEMBTC,6.09e-06
STEEMETH,9e-05
STEEMBNB,0.00448
NANOBTC,6.28e-05
NANOETH,0.000905
NANOBNB,0.05589
VIABTC,6.81e-06
VIAETH,0.000856
VIABNB,0.00958
BLZBTC,1.87e-06
BLZETH,4.159e-05
BLZBNB,0.0006219
AEBTC,2.92e-06
AEETH,0.000219
AEBNB,0.00777
RPXBTC,2.24e-06
RPXETH,5.449e-05
RPXBNB,0.001457
NCASHBTC,5e-08
NCASHETH,1.3e-07
NCASHBNB,6.79e-05
POABTC,4.1e-07
POAETH,4.891e-05
POABNB,0.000921
ZILBTC,6.8e-07
ZILETH,9.95e-06
ZILBNB,7.39e-05
ONTBTC,6.17e-06
ONTETH,0.0001253
ONTBNB,0.002462
STORMBTC,3.5e-07
STORMETH,1.398e-05
STORMBNB,6.55e-05
QTUMBNB,0.09597
QTUMUSDT,2.103
XEMBTC,1.92e-06
XEMETH,3.593e-05
XEMBNB,0.002441
WANBTC,6.73e-06
WANETH,9.93e-05
WANBNB,0.00181
WPRBTC,2.7e-07
WPRETH,4.02e-05
QLCBTC,2.1e-07
QLCETH,6.03e-06
SYSBTC,4.58e-06
SYSETH,0.00011047
SYSBNB,0.001635
QLCBNB,0.000922
GRSBTC,1.649e-05
GRSETH,0.00076455
ADAUSDT,0.2676
ADABNB,0.001133
CLOAKBTC,0.0001555
CLOAKETH,0.004142
GNTBTC,6.78e-06
GNTETH,0.00022071
GNTBNB,0.002439
LOOMBTC,1.56e-06
LOOMETH,3.231e-05
LOOMBNB,0.000885
XRPUSDT,0.5143
BCNBTC,2.2e-07
BCNETH,7.07e-06
BCNBNB,2e-05
REPBTC,0.0003413
REPBNB,0.4467
BTCTUSD,25936.42
TUSDBTC,0.00025971
ETHTUSD,1756.78
TUSDETH,0.00762097
TUSDBNB,0.06777
ZENBTC,0.0002316
ZENETH,0.00342
ZENBNB,0.0329
SKYBTC,8.29e-06
SKYETH,0.00222
SKYBNB,0.03022
EOSUSDT,0.682
EOSBNB,0.00289
CVCBTC,5.66e-06
CVCETH,9.93e-05
CVCBNB,0.002112
THETABTC,2.529e-05
THETAETH,0.0003731
THETABNB,0.00277
XRPBNB,0.002175
TUSDUSDT,0.9983
IOTAUSDT,0.1558
XLMUSDT,0.0828
IOTXBTC,6.7e-07
IOTXETH,9.74e-06
QKCBTC,2.8e-07
QKCETH,4.15e-06
AGIBTC,6.68e-06
AGIETH,7.363e-05
AGIBNB,0.000772
NXSBTC,2.84e-06
NXSETH,0.000773
NXSBNB,0.01087
ENJBNB,0.001368
DATABTC,8.5e-07
DATAETH,2.034e-05
ONTUSDT,0.1596
TRXBNB,0.0002937
TRXUSDT,0.06942
ETCUSDT,15.11
ETCBNB,0.0641
ICXUSDT,0.1834
SCBTC,1.7e-07
SCETH,1.54e-06
NPXSBTC,3e-08
NPXSETH,3.45e-06
VENUSDT,0.0001
KEYBTC,1.3e-07
KEYETH,2.27e-06
NASBTC,2.28e-06
NASETH,4.047e-05
NASBNB,0.02337
MFTBTC,8e-08
MFTETH,4.33e-06
MFTBNB,1.485e-05
DENTBTC,4e-08
DENTETH,3.6e-07
ARDRBTC,2.35e-06
ARDRETH,0.0001887
ARDRBNB,0.003168
NULSUSDT,0.1921
HOTBTC,2e-08
HOTETH,7.1e-07
VETBTC,6.1e-07
VETETH,8.9e-06
VETUSDT,0.0156
VETBNB,6.59e-05
DOCKBTC,5.4e-07
DOCKETH,3.283e-05
POLYBTC,1.384e-05
POLYBNB,0.001459
PHXBTC,1.8e-06
PHXETH,5.617e-05
PHXBNB,0.000456
HCBTC,2e-05
HCETH,0.005134
GOBTC,4.3e-07
GOBNB,0.0006923
PAXBTC,0.00025175
PAXBNB,0.20121
PAXUSDT,0.9996
PAXETH,0.00888047
RVNBTC,6.6e-07
DCRBTC,0.000483
DCRBNB,0.781
USDCBNB,0.21755
MITHBTC,8e-07
MITHBNB,4.41e-05
BCHABCBTC,0.02933
BCHSVBTC,0.011179
BCHABCUSDT,220.08
BCHSVUSDT,58.9
BNBPAX,495.1
BTCPAX,51529.15
ETHPAX,3904.41
XRPPAX,0.8896
EOSPAX,2.5845
XLMPAX,0.04221
RENBTC,2.25e-06
RENBNB,0.004585
BNBTUSD,236.7
XRPTUSD,0.5148
EOSTUSD,4.1159
XLMTUSD,0.06833
BNBUSDC,236.4
BTCUSDC,25897.17
ETHUSDC,1754.45
XRPUSDC,0.4409
EOSUSDC,1.153
XLMUSDC,0.0497
USDCUSDT,0.9996
ADATUSD,0.2688
TRXTUSD,0.05986
NEOTUSD,11.818
TRXXRP,0.13502
XZCXRP,20.792
PAXTUSD,0.9995
USDCTUSD,1.0
USDCPAX,1.0002
LINKUSDT,5.178
LINKTUSD,28.87
LINKPAX,3.9834
LINKUSDC,7.779
WAVESUSDT,1.357
WAVESTUSD,1.072
WAVESPAX,0.8029
WAVESUSDC,1.2036
BCHABCTUSD,220.2
BCHABCPAX,221.2
BCHABCUSDC,220.3
BCHSVTUSD,59.17
BCHSVPAX,58.18
BCHSVUSDC,57.5
LTCTUSD,78.14
LTCPAX,171.13
LTCUSDC,53.22
TRXPAX,0.07661
TRXUSDC,0.05982
BTTBTC,5e-08
BTTBNB,5.73e-06
BTTUSDT,0.002777
BNBUSDS,22.2788
BTCUSDS,9604.59
USDSUSDT,0.9968
USDSPAX,1.0002
USDSTUSD,1.0
USDSUSDC,1.0
BTTPAX,0.0003866
BTTTUSD,0.00277
BTTUSDC,0.002776
ONGBNB,0.00545
ONGBTC,7.68e-06
ONGUSDT,0.1985
HOTBNB,8.62e-06
HOTUSDT,0.001252
ZILUSDT,0.01746
ZRXBNB,0.01045
ZRXUSDT,0.1746
FETBNB,0.00077
FETBTC,7.03e-06
FETUSDT,0.1819
BATUSDT,0.1695
XMRBNB,0.5773
XMRUSDT,136.3
ZECBNB,0.1037
ZECUSDT,24.5
ZECPAX,42.1
ZECTUSD,51.48
ZECUSDC,55.8
IOSTUSDT,0.00757
CELRBNB,5.858e-05
CELRBTC,5.3e-07
CELRUSDT,0.01387
ADAPAX,0.03257
ADAUSDC,0.4352
NEOPAX,11.122
NEOUSDC,28.27
DASHBNB,0.1242
DASHUSDT,29.41
NANOUSDT,2.224
OMGBNB,0.03938
OMGUSDT,0.533
THETAUSDT,0.655
ENJUSDT,0.2508
MITHUSDT,0.00345
MATICBNB,0.002671
MATICBTC,2.438e-05
MATICUSDT,0.6313
ATOMBNB,0.03499
ATOMBTC,0.0003193
ATOMUSDT,8.269
ATOMUSDC,12.912
ATOMPAX,3.178
ATOMTUSD,2.598
ETCUSDC,4.71
ETCPAX,4.838
ETCTUSD,3.795
BATUSDC,0.6313
BATPAX,0.2556
BATTUSD,0.2222
PHBBNB,0.000137
PHBBTC,2.343e-05
PHBUSDC,0.00587
PHBTUSD,0.229
PHBPAX,0.00639
TFUELBNB,0.0001259
TFUELBTC,1.28e-06
TFUELUSDT,0.0332
TFUELUSDC,0.003565
TFUELTUSD,0.003077
TFUELPAX,0.003487
ONEBNB,4.52e-05
ONEBTC,4.2e-07
ONEUSDT,0.01068
ONETUSD,0.00472
ONEPAX,0.00496
ONEUSDC,0.0052
FTMBNB,0.0010144
FTMBTC,9.25e-06
FTMUSDT,0.2396
FTMTUSD,0.01095
FTMPAX,0.01028
FTMUSDC,0.01107
BTCBBTC,1.0
BCPTTUSD,0.02606
BCPTPAX,0.02761
BCPTUSDC,0.02728
ALGOBNB,0.000465
ALGOBTC,4.24e-06
ALGOUSDT,0.1101
ALGOTUSD,1.017
ALGOPAX,0.2039
ALGOUSDC,0.238
USDSBUSDT,0.9997
USDSBUSDS,0.9999
GTOUSDT,0.01233
GTOPAX,0.01361
GTOTUSD,0.01236
GTOUSDC,0.01196
ERDBNB,0.00083273
ERDBTC,1.68e-06
ERDUSDT,0.01971
ERDPAX,0.0012527
ERDUSDC,0.0013573
DOGEBNB,0.0001527
DOGEBTC,2.39e-06
DOGEUSDT,0.06184
DOGEPAX,0.0021682
DOGEUSDC,0.0021277
DUSKBNB,0.00118
DUSKBTC,3.83e-06
DUSKUSDT,0.0992
DUSKUSDC,0.0179
DUSKPAX,0.0189
BGBPUSDC,1.39
ANKRBNB,8.48e-05
ANKRBTC,7.7e-07
ANKRUSDT,0.02012
ANKRTUSD,0.002128
ANKRPAX,0.002093
ANKRUSDC,0.002097
ONTPAX,0.8451
ONTUSDC,0.5708
WINBNB,2.7e-07
WINBTC,1e-08
WINUSDT,6.28e-05
WINUSDC,9.73e-05
COSBNB,2.063e-05
COSBTC,1.9e-07
COSUSDT,0.00488
TUSDBTUSD,0.9975
NPXSUSDT,0.0070301
NPXSUSDC,0.0001702
COCOSBNB,0.00559
COCOSBTC,3e-08
COCOSUSDT,1.7546
MTLUSDT,1.076
TOMOBNB,0.03255
TOMOBTC,5.177e-05
TOMOUSDT,1.3372
TOMOUSDC,0.367
PERLBNB,7.18e-05
PERLBTC,1.13e-06
PERLUSDC,0.02447
PERLUSDT,0.01594
DENTUSDT,0.000625
MFTUSDT,0.005254
KEYUSDT,0.005405
STORMUSDT,0.003397
DOCKUSDT,0.01393
WANUSDT,0.1737
FUNUSDT,0.003859
CVCUSDT,0.0721
BTTTRX,0.03945
WINTRX,0.000907
CHZBNB,0.0002906
CHZBTC,2.65e-06
CHZUSDT,0.0688
BANDBNB,0.02248
BANDBTC,3.96e-05
BANDUSDT,1.024
BNBBUSD,236.6
BTCBUSD,25913.84
BUSDUSDT,0.9992
BEAMBNB,0.02177
BEAMBTC,7.16e-06
BEAMUSDT,0.0652
XTZBNB,0.002883
XTZBTC,2.78e-05
XTZUSDT,0.718
RENUSDT,0.057995
RVNUSDT,0.0169
HCUSDT,0.8423
HBARBNB,0.0001859
HBARBTC,1.69e-06
HBARUSDT,0.0439
NKNBNB,0.000747
NKNBTC,3.64e-06
NKNUSDT,0.0941
XRPBUSD,0.5148
ETHBUSD,1755.06
BCHABCBUSD,220.16
LTCBUSD,78.06
LINKBUSD,5.183
ETCBUSD,15.12
STXBNB,0.002283
STXBTC,2.086e-05
STXUSDT,0.5404
KAVABNB,0.003472
KAVABTC,3.163e-05
KAVAUSDT,0.818
BUSDNGN,462.64
BNBNGN,43608.0
BTCNGN,19570000.0
ARPABNB,0.0002083
ARPABTC,1.9e-06
ARPAUSDT,0.0493
TRXBUSD,0.06949
EOSBUSD,0.683
IOTXUSDT,0.01709
RLCUSDT,1.19
MCOUSDT,2.744
XLMBUSD,0.0829
ADABUSD,0.2679
CTXCBNB,0.004122
CTXCBTC,5.01e-06
CTXCUSDT,0.1299
BCHBNB,0.435
BCHBTC,0.00397
BCHUSDT,102.8
BCHUSDC,114.8
BCHTUSD,630.0
BCHPAX,617.72
BCHBUSD,102.9
BTCRUB,2163372.0
ETHRUB,146683.9
XRPRUB,42.93
BNBRUB,19747.69
TROYBNB,1.06e-05
TROYBTC,1.8e-07
TROYUSDT,0.00194
BUSDRUB,83.48
QTUMBUSD,2.111
VETBUSD,0.01561
VITEBNB,0.000707
VITEBTC,5.2e-07
VITEUSDT,0.01345
FTTBNB,0.00513
FTTBTC,8.56e-05
FTTUSDT,1.4322
BTCTRY,622201.0
BNBTRY,5682.0
BUSDTRY,24.02
ETHTRY,42159.0
XRPTRY,12.347
USDTTRY,24.04
USDTRUB,83.53
BTCEUR,24297.02
ETHEUR,1645.82
BNBEUR,221.8
XRPEUR,0.4823
EURBUSD,1.0669
EURUSDT,1.0656
OGNBNB,0.000383
OGNBTC,2.61e-06
OGNUSDT,0.0677
DREPBNB,9.38e-05
DREPBTC,1.205e-05
DREPUSDT,0.3122
BULLUSDT,1370.28
BULLBUSD,1368.56
BEARUSDT,11.16
BEARBUSD,11.14
ETHBULLUSDT,79.18
ETHBULLBUSD,78.46
ETHBEARUSDT,12.2
ETHBEARBUSD,12.24
TCTBNB,0.0004186
TCTBTC,1.6e-07
TCTUSDT,0.00312
WRXBNB,0.000398
WRXBTC,4.55e-06
WRXUSDT,0.0841
ICXBUSD,0.1835
BTSUSDT,0.0084
BTSBUSD,0.0193
LSKUSDT,0.699
BNTUSDT,0.3588
BNTBUSD,0.3597
LTOBNB,0.00248
LTOBTC,2.2e-06
LTOUSDT,0.0572
ATOMBUSD,8.276
DASHBUSD,29.46
NEOBUSD,7.72
WAVESBUSD,1.358
XTZBUSD,0.72
EOSBULLUSDT,3.85
EOSBULLBUSD,3.9
EOSBEARUSDT,30.21
EOSBEARBUSD,29.81
XRPBULLUSDT,8.74
XRPBULLBUSD,8.78
XRPBEARUSDT,548.55
XRPBEARBUSD,547.33
BATBUSD,0.17
ENJBUSD,0.2515
NANOBUSD,2.225
ONTBUSD,0.1598
RVNBUSD,0.01691
STRATBUSD,0.4915
STRATBNB,0.019
STRATUSDT,0.4904
AIONBUSD,0.0721
AIONUSDT,0.00943
MBLBNB,1.202e-05
MBLBTC,5e-08
MBLUSDT,0.002349
COTIBNB,0.0001909
COTIBTC,1.75e-06
COTIUSDT,0.0452
ALGOBUSD,0.1102
BTTBUSD,0.002778
TOMOBUSD,1.3384
XMRBUSD,136.5
ZECBUSD,24.5
BNBBULLUSDT,57.21
BNBBULLBUSD,58.37
BNBBEARUSDT,58.61
BNBBEARBUSD,57.21
STPTBNB,0.00067
STPTBTC,1.37e-06
STPTUSDT,0.03546
BTCZAR,498819.0
ETHZAR,33801.0
BNBZAR,5000.0
USDTZAR,19.29
BUSDZAR,19.26
BTCBKRW,42029197.0
ETHBKRW,1277799.0
BNBBKRW,44687.0
WTCUSDT,0.1418
DATABUSD,0.02234
DATAUSDT,0.02221
XZCUSDT,4.446
SOLBNB,0.0654
SOLBTC,0.0005965
SOLUSDT,15.45
SOLBUSD,15.46
BTCIDRT,693891182.0
BNBIDRT,4286985.0
USDTIDRT,14880.0
BUSDIDRT,14389.0
CTSIBTC,4.86e-06
CTSIUSDT,0.1255
CTSIBNB,0.00053
CTSIBUSD,0.1256
HIVEBNB,0.00429
HIVEBTC,1.135e-05
HIVEUSDT,0.2938
CHRBNB,0.0005084
CHRBTC,4.63e-06
CHRUSDT,0.1201
BTCUPUSDT,4.922
BTCDOWNUSDT,0.009412
GXSUSDT,1.7923
ARDRUSDT,0.0608
ERDBUSD,0.019661
LENDUSDT,0.51431
HBARBUSD,0.044
MATICBUSD,0.6316
WRXBUSD,0.0842
ZILBUSD,0.01748
MDTBNB,0.0007372
MDTBTC,1.43e-06
MDTUSDT,0.03705
STMXBTC,1.6e-07
STMXETH,2.92e-06
STMXUSDT,0.003526
KNCBUSD,0.484
KNCUSDT,0.486
REPBUSD,13.673
REPUSDT,4.73
LRCBUSD,0.2114
LRCUSDT,0.2106
IQBNB,2.243e-05
IQBUSD,0.0046
PNTBTC,8.64e-06
PNTUSDT,0.0961
BTCGBP,20745.55
ETHGBP,1404.6
XRPGBP,0.4108
BNBGBP,189.5
GBPBUSD,1.249
DGBBTC,2.6e-07
DGBBUSD,0.00655
BTCUAH,987096.0
USDTUAH,38.05
COMPBTC,0.001014
COMPBNB,5.719
COMPBUSD,26.3
COMPUSDT,26.25
BTCBIDR,386136060.0
ETHBIDR,26189758.0
BNBBIDR,3527817.0
BUSDBIDR,14901.0
USDTBIDR,14912.0
BKRWUSDT,0.0008453
BKRWBUSD,0.0008455
SCUSDT,0.00268
ZENUSDT,6.01
SXPBTC,1.225e-05
SXPBNB,0.001343
SXPBUSD,0.3176
SNXBTC,6.86e-05
SNXBNB,0.00756
SNXBUSD,1.778
SNXUSDT,1.775
ETHUPUSDT,4.701
ETHDOWNUSDT,0.2635
ADAUPUSDT,0.103
ADADOWNUSDT,0.002559
LINKUPUSDT,0.00608
LINKDOWNUSDT,0.000895
VTHOBNB,6.73e-06
VTHOBUSD,0.000718
VTHOUSDT,0.000929
DCRBUSD,16.035
DGBUSDT,0.00655
GBPUSDT,1.247
STORJBUSD,0.2361
SXPUSDT,0.3171
IRISBNB,0.001662
IRISBTC,7.9e-07
IRISBUSD,0.0608
MKRBNB,6.903
MKRBTC,0.02378
MKRUSDT,618.0
MKRBUSD,619.0
DAIBNB,0.04876
DAIBTC,8.966e-05
DAIUSDT,1.0189
DAIBUSD,1.0181
RUNEBNB,0.00394
RUNEBTC,3.6e-05
RUNEBUSD,0.932
MANABUSD,0.3411
DOGEBUSD,0.06189
LENDBUSD,0.5153
ZRXBUSD,0.1752
DCRUSDT,12.5
STORJUSDT,0.2357
XRPBKRW,319.76
ADABKRW,327.55
BTCAUD,37210.08
ETHAUD,2565.09
AUDBUSD,0.7255
FIOBNB,0.0001708
FIOBTC,7.5e-07
FIOBUSD,0.01942
BNBUPUSDT,26.6
BNBDOWNUSDT,0.01694
XTZUPUSDT,0.002551
XTZDOWNUSDT,2.6001
AVABNB,0.002188
AVABTC,1.567e-05
AVABUSD,0.406
USDTBKRW,1125.0
BUSDBKRW,1097.18
IOTABUSD,0.1563
MANAUSDT,0.3409
XRPAUD,0.7
BNBAUD,421.1
AUDUSDT,0.7252
BALBNB,0.4258
BALBTC,0.0001725
BALBUSD,4.478
YFIBNB,82.19
YFIBTC,0.2105
YFIBUSD,5452.0
YFIUSDT,5450.0
BLZBUSD,0.0483
KMDBUSD,0.4676
BALUSDT,4.475
BLZUSDT,0.0482
IRISUSDT,0.0206
KMDUSDT,0.2648
BTCDAI,25904.86
ETHDAI,1754.11
BNBDAI,236.4
USDTDAI,1.0007
BUSDDAI,1.0001
JSTBNB,0.0002185
JSTBTC,8e-07
JSTBUSD,0.02063
JSTUSDT,0.02056
SRMBNB,0.00084
SRMBTC,1.523e-05
SRMBUSD,0.05385
SRMUSDT,0.24442
ANTBNB,0.0133
ANTBTC,0.00012186
ANTBUSD,3.151
ANTUSDT,3.141
CRVBNB,0.00687
CRVBTC,2.595e-05
CRVBUSD,0.673
CRVUSDT,0.672
SANDBNB,0.001629
SANDBTC,1.486e-05
SANDUSDT,0.3846
SANDBUSD,0.3849
OCEANBNB,0.001235
OCEANBTC,1.126e-05
OCEANBUSD,0.2915
OCEANUSDT,0.2917
NMRBTC,0.000468
NMRBUSD,12.16
NMRUSDT,12.16
DOTBNB,0.01899
DOTBTC,0.0001732
DOTBUSD,4.493
DOTUSDT,4.489
LUNABNB,1.9e-07
LUNABTC,1e-08
LUNABUSD,0.6033
LUNAUSDT,0.6027
IDEXBTC,2.1e-06
IDEXBUSD,0.05439
RSRBNB,8.09e-06
RSRBTC,1.6e-07
RSRBUSD,0.00192
RSRUSDT,0.001914
PAXGBNB,8.099
PAXGBTC,0.07392
PAXGBUSD,1917.0
PAXGUSDT,1915.0
WNXMBNB,0.1735
WNXMBTC,0.000672
WNXMBUSD,22.165
WNXMUSDT,27.23
TRBBNB,0.517
TRBBTC,0.000333
TRBBUSD,8.61
TRBUSDT,8.63
ETHNGN,805670.0
DOTBIDR,72297.0
LINKAUD,7.986
SXPAUD,1.868
BZRXBNB,0.00514
BZRXBTC,4.63e-06
BZRXBUSD,0.2164
BZRXUSDT,0.2156
WBTCBTC,1.0005
WBTCETH,14.78
SUSHIBNB,0.002421
SUSHIBTC,2.208e-05
SUSHIBUSD,0.574
SUSHIUSDT,0.572
YFIIBNB,4.42
YFIIBTC,0.07249
YFIIBUSD,1192.0
YFIIUSDT,637.2
KSMBNB,0.0908
KSMBTC,0.000844
KSMBUSD,21.86
KSMUSDT,21.84
EGLDBNB,0.1274
EGLDBTC,0.001164
EGLDBUSD,30.14
EGLDUSDT,30.12
DIABNB,0.003813
DIABTC,8.73e-06
DIABUSD,0.2247
DIAUSDT,0.2262
RUNEUSDT,0.93
FIOUSDT,0.01942
UMABTC,5.84e-05
UMAUSDT,1.51
EOSUPUSDT,0.2113
EOSDOWNUSDT,0.0003665
TRXUPUSDT,0.03854
TRXDOWNUSDT,1.139
XRPUPUSDT,0.0855
XRPDOWNUSDT,8.172e-05
DOTUPUSDT,0.096
DOTDOWNUSDT,16.737
SRMBIDR,26748.0
ONEBIDR,119.92
LINKTRY,124.4
USDTNGN,759.4
BELBNB,0.002382
BELBTC,2.171e-05
BELBUSD,0.5634
BELUSDT,0.5627
WINGBNB,0.04865
WINGBTC,0.0001651
SWRVBNB,0.001504
SWRVBUSD,0.5649
WINGBUSD,4.29
WINGUSDT,4.29
LTCUPUSDT,0.4801
LTCDOWNUSDT,2.2279
LENDBKRW,579.46
SXPEUR,0.2654
CREAMBNB,0.0723
CREAMBUSD,20.87
UNIBNB,0.0172
UNIBTC,0.0001571
UNIBUSD,4.07
UNIUSDT,4.066
NBSBTC,3.1e-07
NBSUSDT,0.00166
OXTBTC,2.02e-06
OXTUSDT,0.0524
SUNBTC,0.000711
SUNUSDT,0.00527
AVAXBNB,0.04918
AVAXBTC,0.000449
AVAXBUSD,11.64
AVAXUSDT,11.63
HNTBTC,0.0002357
HNTUSDT,4.67
BAKEBNB,0.000386
BURGERBNB,0.001536
SXPBIDR,19956.0
LINKBKRW,16948.99
FLMBNB,0.00333
FLMBTC,2.2e-06
FLMBUSD,0.2321
FLMUSDT,0.057
SCRTBTC,1.13e-05
SCRTETH,0.0001667
CAKEBNB,0.00596
CAKEBUSD,1.408
SPARTABNB,6.57e-05
UNIUPUSDT,1.055
UNIDOWNUSDT,2.172
ORNBTC,2.607e-05
ORNUSDT,0.6752
TRXNGN,20.71
SXPTRY,7.628
UTKBTC,2.63e-06
UTKUSDT,0.0681
XVSBNB,0.01395
XVSBTC,0.0001273
XVSBUSD,3.3
XVSUSDT,3.3
ALPHABNB,0.000299
ALPHABTC,3.95e-06
ALPHABUSD,0.1025
ALPHAUSDT,0.1022
VIDTBTC,8.5e-07
VIDTBUSD,0.02165
AAVEBNB,0.2224
BTCBRL,127826.0
USDTBRL,4.94
AAVEBTC,0.00203
AAVEETH,0.03
AAVEBUSD,52.6
AAVEUSDT,52.6
AAVEBKRW,164167.0
NEARBNB,0.005092
NEARBTC,4.647e-05
NEARBUSD,1.204
NEARUSDT,1.203
SXPUPUSDT,0.17426
SXPDOWNUSDT,0.0895
DOTBKRW,13514.98
SXPGBP,0.408
FILBNB,0.01437
FILBTC,0.0001312
FILBUSD,3.399
FILUSDT,3.397
FILUPUSDT,0.1515
FILDOWNUSDT,0.0007666
YFIUPUSDT,0.1169
YFIDOWNUSDT,0.9009
INJBNB,0.02359
INJBTC,0.0002154
INJBUSD,5.575
INJUSDT,5.571
AERGOBTC,3.65e-06
AERGOBUSD,0.0949
LINKEUR,4.859
ONEBUSD,0.01068
EASYETH,0.00623
AUDIOBTC,6.53e-06
AUDIOBUSD,0.1691
AUDIOUSDT,0.1687
CTKBNB,0.002485
CTKBTC,2.272e-05
CTKBUSD,0.588
CTKUSDT,0.588
BCHUPUSDT,0.0724
BCHDOWNUSDT,0.2247
BOTBTC,0.04906
BOTBUSD,2783.23
ETHBRL,8662.52
DOTEUR,4.216
AKROBTC,1.3e-07
AKROUSDT,0.00491
KP3RBNB,0.2025
KP3RBUSD,52.89
AXSBNB,0.02082
AXSBTC,0.0001899
AXSBUSD,4.92
AXSUSDT,4.91
HARDBNB,0.000526
HARDBTC,4.82e-06
HARDBUSD,0.1255
HARDUSDT,0.1252
BNBBRL,1167.0
LTCEUR,73.22
RENBTCBTC,0.9931
RENBTCETH,16.299
DNTBUSD,0.036
DNTUSDT,0.036
SLPETH,8.8e-07
ADAEUR,0.2512
LTCNGN,78132.0
CVPETH,0.00032
CVPBUSD,0.3027
STRAXBTC,1.558e-05
STRAXETH,0.0003188
STRAXBUSD,0.403
STRAXUSDT,0.403
FORBTC,6.8e-07
FORBUSD,0.01751
UNFIBNB,0.02654
UNFIBTC,0.0001243
UNFIBUSD,3.217
UNFIUSDT,3.215
FRONTETH,0.0003304
FRONTBUSD,0.1352
BCHABUSD,43.641
ROSEBTC,1.68e-06
ROSEBUSD,0.0434
ROSEUSDT,0.04336
AVAXTRY,279.4
BUSDBRL,4.937
AVAUSDT,0.406
SYSBUSD,0.1187
XEMUSDT,0.0263
HEGICETH,1.647e-05
HEGICBUSD,0.0212
AAVEUPUSDT,0.6008
AAVEDOWNUSDT,0.004673
PROMBNB,0.01443
PROMBUSD,3.78
XRPBRL,2.541
XRPNGN,214.17
SKLBTC,9.5e-07
SKLBUSD,0.02449
SKLUSDT,0.02444
BCHEUR,96.5
YFIEUR,5135.0
ZILBIDR,260.0
SUSDBTC,2.065e-05
SUSDETH,0.000527
SUSDUSDT,0.996
COVERETH,0.06373
COVERBUSD,193.6
GLMBTC,6.62e-06
GLMETH,0.0001502
GHSTETH,0.0008175
GHSTBUSD,0.905
SUSHIUPUSDT,0.004714
SUSHIDOWNUSDT,37.37
XLMUPUSDT,0.0243
XLMDOWNUSDT,4.304
LINKBRL,25.57
LINKNGN,11772.0
LTCRUB,6534.0
TRXTRY,1.6689
XLMEUR,0.0777
DFETH,7.02e-05
DFBUSD,0.0358
GRTBTC,3.86e-06
GRTETH,5.7e-05
GRTUSDT,0.0998
JUVBTC,0.0001377
JUVBUSD,1.918
JUVUSDT,1.917
PSGBTC,0.0001203
PSGBUSD,3.08
PSGUSDT,3.09
BUSDBVND,23720.0
USDTBVND,23710.0
1INCHBTC,1.044e-05
1INCHUSDT,0.27
REEFBTC,1.4e-07
REEFUSDT,0.001463
OGBTC,0.0001676
OGUSDT,4.353
ATMBTC,9.44e-05
ATMUSDT,2.132
ASRBTC,0.0001339
ASRUSDT,2.108
CELOBTC,1.579e-05
CELOUSDT,0.41
RIFBTC,3.27e-06
RIFUSDT,0.0847
CHZTRY,1.651
XLMTRY,1.992
LINKGBP,4.145
GRTEUR,0.0937
BTCSTBTC,0.000331
BTCSTBUSD,1.16
BTCSTUSDT,5.35
TRUBTC,1.29e-06
TRUBUSD,0.5357
TRUUSDT,0.0332
DEXEETH,0.001104
DEXEBUSD,1.945
EOSEUR,0.641
LTCBRL,384.8
USDCBUSD,0.9999
TUSDBUSD,0.999
PAXBUSD,1.0
CKBBTC,1.5e-07
CKBBUSD,0.00281
CKBUSDT,0.00281
TWTBTC,2.891e-05
TWTBUSD,0.7508
TWTUSDT,0.749
FIROBTC,5.09e-05
FIROETH,0.001333
FIROUSDT,1.318
BETHETH,0.9944
DOGEEUR,0.05805
DOGETRY,1.486
DOGEAUD,0.09449
DOGEBRL,0.3057
DOTNGN,10716.0
PROSETH,0.000216
LITBTC,2.301e-05
LITBUSD,0.599
LITUSDT,0.599
BTCVAI,56876.4
BUSDVAI,1.038
SFPBTC,1.369e-05
SFPBUSD,0.3552
SFPUSDT,0.3546
DOGEGBP,0.04956
DOTTRY,107.9
FXSBTC,0.00018891
FXSBUSD,4.91
DODOBTC,3.33e-06
DODOBUSD,0.0865
DODOUSDT,0.0862
FRONTBTC,5.22e-06
EASYBTC,0.0002925
CAKEBTC,5.44e-05
CAKEUSDT,1.407
BAKEBUSD,0.0912
UFTETH,0.0001391
UFTBUSD,0.244
1INCHBUSD,0.271
BANDBUSD,1.025
GRTBUSD,0.1
IOSTBUSD,0.00757
OMGBUSD,0.533
REEFBUSD,0.001465
ACMBTC,9.05e-05
ACMBUSD,1.735
ACMUSDT,1.733
AUCTIONBTC,0.0001471
AUCTIONBUSD,3.82
PHABTC,3.73e-06
PHABUSD,0.0969
DOTGBP,3.611
ADATRY,6.43
ADABRL,1.324
ADAGBP,0.2146
TVKBTC,9.9e-07
TVKBUSD,0.0258
BADGERBTC,7.8e-05
BADGERBUSD,2.03
BADGERUSDT,2.03
FISBTC,1.053e-05
FISBUSD,0.2733
FISUSDT,0.2734
DOTBRL,22.22
ADAAUD,0.5054
HOTTRY,0.03011
EGLDEUR,28.32
OMBTC,8.2e-07
OMBUSD,0.02146
OMUSDT,0.02141
PONDBTC,2.6e-07
PONDBUSD,0.00691
PONDUSDT,0.00691
DEGOBTC,5.321e-05
DEGOBUSD,1.383
DEGOUSDT,1.378
AVAXEUR,10.9
BTTTRY,0.03783
CHZBRL,0.34
UNIEUR,4.856
ALICEBTC,3.36e-05
ALICEBUSD,0.87
ALICEUSDT,0.868
CHZBUSD,0.0688
CHZEUR,0.0645
CHZGBP,0.0556
BIFIBNB,2.777
BIFIBUSD,361.4
LINABTC,4.8e-07
LINABUSD,0.012342
LINAUSDT,0.012329
ADARUB,22.06
ENJBRL,1.238
ENJEUR,0.2342
MATICEUR,0.5925
NEOTRY,185.8
PERPBTC,1.547e-05
PERPBUSD,0.40207
PERPUSDT,0.39974
RAMPBTC,2.73e-06
RAMPBUSD,0.0521
RAMPUSDT,0.0524
SUPERBTC,4.29e-06
SUPERBUSD,0.1112
SUPERUSDT,0.111
CFXBTC,7.02e-06
CFXBUSD,0.1813
CFXUSDT,0.181
ENJGBP,0.3676
EOSTRY,16.44
LTCGBP,62.64
LUNAEUR,6e-05
RVNTRY,0.4058
THETAEUR,0.615
XVGBUSD,0.001515
EPSBTC,4.99e-06
EPSBUSD,0.1679
EPSUSDT,0.1679
AUTOBTC,0.00324
AUTOBUSD,95.1
AUTOUSDT,95.3
TKOBTC,8.76e-06
TKOBIDR,3379.28
TKOBUSD,0.2272
TKOUSDT,0.2269
PUNDIXETH,0.0001899
PUNDIXUSDT,0.333
BTTBRL,0.01553
BTTEUR,0.002436
HOTEUR,0.001789
WINEUR,5.88e-05
TLMBTC,3.8e-07
TLMBUSD,0.01003
TLMUSDT,0.01002
1INCHUPUSDT,0.065703
1INCHDOWNUSDT,0.006148
BTGBUSD,17.62
BTGUSDT,17.65
HOTBUSD,0.001251
BNBUAH,8989.0
ONTTRY,3.843
VETEUR,0.01469
VETGBP,0.01256
WINBRL,0.00031
MIRBTC,8.38e-06
MIRBUSD,0.13237
MIRUSDT,0.14168
BARBTC,0.000141
BARBUSD,2.21
BARUSDT,2.21
FORTHBTC,8.49e-05
FORTHBUSD,2.238
FORTHUSDT,2.216
CAKEGBP,2.714
DOGERUB,6.94
HOTBRL,0.0375
WRXEUR,0.5746
EZBTC,1.351e-05
EZETH,0.000175
BAKEUSDT,0.0912
BURGERBUSD,0.3587
BURGERUSDT,0.3587
SLPBUSD,0.001552
SLPUSDT,0.00155
TRXAUD,0.0981
TRXEUR,0.06515
VETTRY,0.3751
SHIBUSDT,6.66e-06
SHIBBUSD,6.66e-06
ICPBTC,0.0001425
ICPBNB,0.01561
ICPBUSD,3.694
ICPUSDT,3.688
SHIBEUR,6.25e-06
SHIBRUB,0.0005773
ETCEUR,14.21
ETCBRL,202.4
DOGEBIDR,923.0
ARBTC,0.000192
ARBNB,0.02183
ARBUSD,4.97
ARUSDT,4.97
POLSBTC,1.052e-05
POLSBNB,0.001148
POLSBUSD,0.273
POLSUSDT,0.273
MDXBTC,2.24e-06
MDXBNB,0.000619
MDXBUSD,0.0582
MDXUSDT,0.0583
MASKBNB,0.0148
MASKBUSD,3.499
MASKUSDT,3.496
LPTBTC,0.0001471
LPTBNB,0.01612
LPTBUSD,3.82
LPTUSDT,3.81
ETHUAH,66838.0
MATICBRL,3.118
SOLEUR,14.49
SHIBBRL,3.29e-05
AGIXBTC,7.79e-06
ICPEUR,3.45
MATICGBP,0.508
SHIBTRY,0.00016003
MATICBIDR,9425.0
MATICRUB,52.58
NUBTC,1.24e-05
NUBNB,0.0012677
NUBUSD,0.5453
NUUSDT,0.5436
XVGUSDT,0.001516
RLCBUSD,1.783
CELRBUSD,0.01391
ATMBUSD,2.129
ZENBUSD,5.99
FTMBUSD,0.2398
THETABUSD,0.655
WINBUSD,6.27e-05
KAVABUSD,0.818
XEMBUSD,0.0963
ATABTC,3.33e-06
ATABNB,0.000369
ATABUSD,0.086
ATAUSDT,0.0859
GTCBTC,3.45e-05
GTCBNB,0.0186
GTCBUSD,0.896
GTCUSDT,0.893
TORNBTC,0.0002398
TORNBNB,0.09058
TORNBUSD,3.4
TORNUSDT,4.06
MATICTRY,15.164
ETCGBP,26.54
SOLGBP,12.34
BAKEBTC,3.52e-06
COTIBUSD,0.0452
KEEPBTC,1.432e-05
KEEPBNB,0.0014507
KEEPBUSD,0.626
KEEPUSDT,0.6251
SOLTRY,371.5
RUNEGBP,0.746
SOLBRL,76.4
SCBUSD,0.00267
CHRBUSD,0.1204
STMXBUSD,0.003537
HNTBUSD,1.228
FTTBUSD,0.8287
DOCKBUSD,0.01395
ADABIDR,4004.0
ERNBNB,0.00669
ERNBUSD,1.513
ERNUSDT,1.514
KLAYBTC,5.93e-06
KLAYBNB,0.00065
KLAYBUSD,0.154
KLAYUSDT,0.1538
RUNEEUR,0.874
MATICAUD,1.2141
DOTRUB,373.4
UTKBUSD,0.0682
IOTXBUSD,0.01711
PHAUSDT,0.0969
SOLRUB,1294.0
RUNEAUD,17.404
BUSDUAH,38.01
BONDBTC,0.0001058
BONDBNB,0.02969
BONDBUSD,2.726
BONDUSDT,2.739
MLNBTC,0.000594
MLNBNB,0.0988
MLNBUSD,15.32
MLNUSDT,15.41
GRTTRY,2.403
CAKEBRL,69.72
ICPRUB,4589.0
DOTAUD,6.631
AAVEBRL,1792.0
EOSAUD,6.555
DEXEUSDT,1.946
LTOBUSD,0.0572
ADXBUSD,0.1334
QUICKBTC,0.001726
QUICKBNB,0.422
QUICKBUSD,44.7
C98USDT,0.1291
C98BUSD,0.1293
C98BNB,0.000805
C98BTC,5e-06
CLVBTC,1.24e-06
CLVBNB,0.0002643
CLVBUSD,0.03213
CLVUSDT,0.03214
QNTBTC,0.003947
QNTBNB,0.4326
QNTBUSD,102.2
QNTUSDT,102.1
FLOWBTC,1.952e-05
FLOWBNB,0.002134
FLOWBUSD,0.505
FLOWUSDT,0.505
XECBUSD,2.029e-05
AXSBRL,38.36
AXSAUD,8.66
TVKUSDT,0.0258
MINABTC,1.645e-05
MINABNB,0.001801
MINABUSD,0.426
MINAUSDT,0.425
RAYBNB,0.000728
RAYBUSD,0.1733
RAYUSDT,0.1729
FARMBTC,0.000828
FARMBNB,0.1515
FARMBUSD,21.41
FARMUSDT,21.45
ALPACABTC,5.63e-06
ALPACABNB,0.000944
ALPACABUSD,0.1462
ALPACAUSDT,0.146
TLMTRY,0.2409
QUICKUSDT,44.6
ORNBUSD,0.675
MBOXBTC,1.186e-05
MBOXBNB,0.001305
MBOXBUSD,0.308
MBOXUSDT,0.309
VGXBTC,2.524e-05
VGXETH,0.000348
FORUSDT,0.01745
REQUSDT,0.0712
GHSTUSDT,0.906
TRURUB,2.98
FISBRL,1.781
WAXPUSDT,0.0425
WAXPBUSD,0.0425
WAXPBNB,0.0001802
WAXPBTC,1.64e-06
TRIBEBTC,7.43e-06
TRIBEBNB,0.001431
TRIBEBUSD,0.2057
TRIBEUSDT,0.2018
GNOUSDT,109.5
GNOBUSD,304.1
GNOBNB,0.865
GNOBTC,0.005624
ARPATRY,1.185
PROMBTC,0.0001456
MTLBUSD,1.076
OGNBUSD,0.068
XECUSDT,2.031e-05
C98BRL,1.308
SOLAUD,28.48
XRPBIDR,7670.0
POLYBUSD,0.27
ELFUSDT,0.2682
DYDXUSDT,1.566
DYDXBUSD,1.566
DYDXBNB,0.006665
DYDXBTC,6.045e-05
ELFBUSD,0.2683
POLYUSDT,0.2696
IDEXUSDT,0.05409
VIDTUSDT,0.02161
SOLBIDR,230735.0
AXSBIDR,74000.0
BTCUSDP,19435.03
ETHUSDP,1344.37
BNBUSDP,282.09
USDPBUSD,1.0
USDPUSDT,0.9995
GALAUSDT,0.02133
GALABUSD,0.02135
GALABNB,9.024e-05
GALABTC,8.3e-07
FTMBIDR,3413.0
ALGOBIDR,20095.0
CAKEAUD,25.61
KSMAUD,234.8
WAVESRUB,1190.49
SUNBUSD,0.00527
ILVUSDT,45.28
ILVBUSD,45.29
ILVBNB,0.1915
ILVBTC,0.001748
RENBUSD,0.058235
YGGUSDT,0.1346
YGGBUSD,0.1348
YGGBNB,0.000687
YGGBTC,5.19e-06
STXBUSD,0.5406
SYSUSDT,0.1185
DFUSDT,0.0357
SOLUSDC,33.68
ARPARUB,4.15
LTCUAH,2968.0
FETBUSD,0.182
ARPABUSD,0.04929
LSKBUSD,0.694
AVAXBIDR,266752.0
ALICEBIDR,29103.0
FIDAUSDT,0.2335
FIDABUSD,0.234
FIDABNB,0.00543
FIDABTC,9.02e-06
DENTBUSD,0.000626
FRONTUSDT,0.1351
CVPUSDT,0.3048
AGLDBTC,1.934e-05
AGLDBNB,0.0019
AGLDBUSD,0.497
AGLDUSDT,0.496
RADBTC,6.1e-05
RADBNB,0.01032
RADBUSD,1.585
RADUSDT,1.585
UNIAUD,34.47
HIVEBUSD,0.2946
STPTBUSD,0.03542
BETABTC,2.99e-06
BETABNB,0.0003243
BETABUSD,0.07711
BETAUSDT,0.07705
SHIBAUD,1.121e-05
RAREBTC,2.38e-06
RAREBNB,0.000691
RAREBUSD,0.0615
RAREUSDT,0.0619
AVAXBRL,57.0
AVAXAUD,17.91
LUNAAUD,9e-05
TROYBUSD,0.00194
AXSETH,0.002805
FTMETH,0.0001365
SOLETH,0.00882
SSVBTC,0.000626
SSVETH,0.009202
LAZIOTRY,42.473
LAZIOEUR,1.6537
LAZIOBTC,6.823e-05
LAZIOUSDT,1.7667
CHESSBTC,4.91e-06
CHESSBNB,0.001885
CHESSBUSD,0.1277
CHESSUSDT,0.1273
FTMAUD,0.42
FTMBRL,1.923
SCRTBUSD,0.293
ADXUSDT,0.1334
AUCTIONUSDT,3.83
CELOBUSD,0.409
FTMRUB,36.85
NUAUD,0.769
NURUB,41.13
REEFTRY,0.0352
REEFBIDR,162.0
SHIBDOGE,0.0001078
DARUSDT,0.0914
DARBUSD,0.09162
DARBNB,0.00038698
DARBTC,3.53e-06
BNXBTC,1.056e-05
BNXBNB,0.001154
BNXBUSD,0.274
BNXUSDT,0.273
RGTUSDT,14.44
RGTBTC,0.0003796
RGTBUSD,14.46
RGTBNB,0.03997
LAZIOBUSD,1.7675
OXTBUSD,0.0524
MANATRY,8.2
ALGORUB,9.12
SHIBUAH,0.000793
LUNABIDR,0.88
AUDUSDC,0.6477
MOVRBTC,0.0001865
MOVRBNB,0.1552
MOVRBUSD,4.81
MOVRUSDT,4.83
CITYBTC,0.0001441
CITYBNB,0.01454
CITYBUSD,3.74
CITYUSDT,3.73
ENSBTC,0.000288
ENSBNB,0.03118
ENSBUSD,7.46
ENSUSDT,7.45
SANDETH,0.0002196
DOTETH,0.002561
MATICETH,0.0003598
ANKRBUSD,0.02012
SANDTRY,9.26
MANABRL,1.673
KP3RUSDT,52.94
QIUSDT,0.0057
QIBUSD,0.00571
QIBNB,9.91e-05
QIBTC,2.2e-07
PORTOBTC,6.545e-05
PORTOUSDT,1.6975
PORTOTRY,40.77
PORTOEUR,1.5878
POWRUSDT,0.1278
POWRBUSD,0.1277
AVAXETH,0.00664
SLPTRY,0.03723
FISTRY,8.87
LRCTRY,5.07
CHRETH,6.87e-05
FISBIDR,9124.0
VGXUSDT,0.0993
GALAETH,1.216e-05
JASMYUSDT,0.003419
JASMYBUSD,0.003423
JASMYBNB,1.767e-05
JASMYBTC,1.7e-07
AMPBTC,1e-07
AMPBNB,3.999e-05
AMPBUSD,0.001985
AMPUSDT,0.001987
PLABTC,5.3e-06
PLABNB,0.0006968
PLABUSD,0.1381
PLAUSDT,0.138
PYRBTC,0.0001146
PYRBUSD,2.974
PYRUSDT,2.967
RNDRBTC,7.47e-05
RNDRUSDT,1.937
RNDRBUSD,1.94
ALCXBTC,0.000544
ALCXBUSD,14.04
ALCXUSDT,14.1
SANTOSBTC,0.00011373
SANTOSUSDT,2.943
SANTOSBRL,20.0
SANTOSTRY,70.78
MCBTC,6.78e-06
MCBUSD,0.176
MCUSDT,0.1749
BELTRY,13.52
COCOSBUSD,1.7589
DENTTRY,0.01503
ENJTRY,6.03
NEORUB,641.0
SANDAUD,0.6359
SLPBIDR,32.3
ANYBTC,0.0002602
ANYBUSD,12.33
ANYUSDT,12.3
BICOBTC,8.39e-06
BICOBUSD,0.2177
BICOUSDT,0.2171
FLUXBTC,1.593e-05
FLUXBUSD,0.413
FLUXUSDT,0.412
ALICETRY,20.87
FXSUSDT,4.902
GALABRL,0.1053
GALATRY,0.512
LUNATRY,14.47
REQBUSD,0.0711
SANDBRL,1.896
MANABIDR,10781.0
SANDBIDR,6598.0
VOXELBTC,5.04e-06
VOXELBNB,0.0006934
VOXELBUSD,0.1309
VOXELUSDT,0.1311
COSBUSD,0.00489
CTXCBUSD,0.1302
FTMTRY,5.756
MANABNB,0.00155
MINATRY,10.24
XTZTRY,17.27
HIGHBTC,4.868e-05
HIGHBUSD,1.255
HIGHUSDT,1.255
CVXBTC,0.0001354
CVXBUSD,3.506
CVXUSDT,3.509
PEOPLEBTC,4.5e-07
PEOPLEBUSD,0.01169
PEOPLEUSDT,0.01167
OOKIBUSD,0.00221
OOKIUSDT,0.00223
COCOSTRY,36.66
GXSBNB,0.004538
LINKBNB,0.02194
LUNAETH,3e-08
MDTBUSD,0.03708
NULSBUSD,0.1924
SPELLBTC,1.2e-07
SPELLUSDT,0.0004271
SPELLBUSD,0.0004281
USTBTC,2.476e-05
USTBUSD,0.06762946
USTUSDT,0.245779
JOEBTC,1.306e-05
JOEBUSD,0.3389
JOEUSDT,0.3384
ATOMETH,0.004719
DUSKBUSD,0.0996
EGLDETH,0.01717
ICPETH,0.002107
LUNABRL,0.0003
LUNAUST,4.9e-05
NEARETH,0.000687
ROSEBNB,0.0001534
VOXELETH,0.0002022
ALICEBNB,0.00524
ATOMTRY,199.3
ETHUST,8239.72
GALAAUD,0.0396
LRCBNB,0.000895
ONEETH,6.1e-06
OOKIBNB,1.491e-05
ACHBTC,7.4e-07
ACHBUSD,0.01907
ACHUSDT,0.01906
IMXBTC,2.346e-05
IMXBUSD,0.604
IMXUSDT,0.604
GLMRBTC,8.72e-06
GLMRBUSD,0.226
GLMRUSDT,0.2259
ATOMBIDR,307866.0
DYDXETH,0.001591
FARMETH,0.03152
FORBNB,9.71e-05
ICPTRY,88.7
JASMYETH,3.02e-06
LINABNB,7.811e-05
OOKIETH,2.51e-06
ROSEETH,2.477e-05
UMABUSD,1.513
UNIETH,0.002318
XTZETH,0.000409
LOKABTC,8.96e-06
LOKABNB,0.000983
LOKABUSD,0.2325
LOKAUSDT,0.2324
ATOMBRL,66.35
BNBUST,1129.3
CRVETH,0.000384
HIGHBNB,0.005317
NEARRUB,100.0
ROSETRY,1.043
SCRTUSDT,0.292
API3BTC,3.64e-05
API3BUSD,0.945
API3USDT,0.945
BTTCUSDT,5.3e-07
BTTCUSDC,7.8e-07
BTTCTRY,1.26e-05
ACABTC,1.24e-06
ACABUSD,0.0322
ACAUSDT,0.0321
ANCBTC,1.86e-06
ANCBUSD,0.02872
ANCUSDT,0.03151
BDOTDOT,0.8813
XNOBTC,2.487e-05
XNOETH,0.0005017
XNOBUSD,0.639
XNOUSDT,0.64
COSTRY,0.1172
KAVAETH,0.0004684
MCBNB,0.000741
ONETRY,0.256
WOOBTC,6.71e-06
WOOBNB,0.000735
WOOBUSD,0.1741
WOOUSDT,0.1737
CELRETH,7.89e-06
PEOPLEBNB,4.926e-05
SLPBNB,8.84e-06
SPELLBNB,4.04e-06
SPELLTRY,0.01026
TFUELBUSD,0.0332
AXSTRY,118.3
DARTRY,2.198
NEARTRY,28.99
IDEXBNB,0.0002289
ALPINEEUR,1.6972
ALPINETRY,43.5
ALPINEUSDT,1.8095
ALPINEBTC,7.001e-05
TUSDT,0.01835
TBUSD,0.01839
API3BNB,0.00533
BETAETH,4.37e-05
INJTRY,133.89
TLMBNB,0.0001099
ASTRBUSD,0.0368
ASTRUSDT,0.0367
API3TRY,22.65
GLMRBNB,0.001021
MBOXTRY,7.41
NBTBIDR,41.6
NBTUSDT,0.0028
GMTBTC,7.32e-06
GMTBNB,0.0008
GMTBUSD,0.1895
GMTUSDT,0.1893
ANCBNB,0.0001288
ATOMEUR,7.753
GALAEUR,0.01994
KSMETH,0.02114
UMATRY,36.4
KDABTC,2.155e-05
KDABUSD,0.559
KDAUSDT,0.558
APEUSDT,2.358
APEBUSD,2.36
APEBTC,9.098e-05
ALPINEBUSD,1.8138
LUNAGBP,5e-05
NEAREUR,1.13
TWTTRY,17.99
WAVESEUR,1.275
APEEUR,2.211
APEGBP,3.305
APETRY,56.6
BSWUSDT,0.0859
BSWBUSD,0.086
BSWBNB,0.000363
APEBNB,0.00996
GMTBRL,1.325
GMTETH,0.0001079
JASMYTRY,0.08227
SANTOSBUSD,2.948
APEAUD,4.072
BIFIUSDT,361.0
GMTEUR,0.178
IMXBNB,0.002536
RUNEETH,0.000529
AVAXGBP,14.18
MULTIBTC,0.0001317
MULTIBUSD,3.41
MULTIUSDT,3.41
APEETH,0.001345
BSWETH,0.0001366
FILTRY,81.9
FTMEUR,0.2252
GMTGBP,0.2107
ZILTRY,0.42
GMTTRY,4.55
WAVESTRY,32.7
BTCUST,121179.88
ASTRBTC,1.42e-06
ASTRETH,3.108e-05
BSWTRY,2.067
FTTETH,0.001141
FUNBNB,1.629e-05
PORTOBUSD,1.6993
STEEMUSDT,0.1579
ZILEUR,0.02063
APEBRL,22.16
AUDIOTRY,4.06
BTTCBUSD,5.3e-07
GMTAUD,0.5695
MBLBUSD,0.002334
MOBUSDT,0.576
MOBBUSD,0.577
MOBBTC,2.216e-05
NEXOUSDT,0.619
NEXOBUSD,0.619
NEXOBTC,2.391e-05
REIUSDT,0.02015
REIBNB,8.21e-05
REIETH,1.928e-05
GALUSDT,1.002
GALBUSD,1.001
GALBNB,0.004194
GALBTC,3.864e-05
JASMYEUR,0.004568
KNCBNB,0.002024
SHIBGBP,6.96e-06
GALEUR,0.928
GALTRY,24.2
LDOBUSD,1.772
LDOUSDT,1.769
LDOBTC,6.839e-05
ENSTRY,179.0
DAREUR,0.08585
DARETH,0.0001014
ALGOETH,6.27e-05
ALGOTRY,2.643
GALETH,0.000762
EPXUSDT,0.0001937
EPXBUSD,0.000194
RUNETRY,31.38
GALBRL,8.68
STEEMBUSD,0.1581
CVCBUSD,0.0719
REIBUSD,0.0201
DREPBUSD,0.3123
AKROBUSD,0.00492
PUNDIXBUSD,0.332
LUNCBUSD,8.977e-05
USTCBUSD,0.01099683
OPBTC,4.182e-05
OPBUSD,1.084
OPUSDT,1.083
OGBUSD,4.36
KEYBUSD,0.005413
ASRBUSD,2.108
FIROBUSD,1.322
NKNBUSD,0.0943
OPBNB,0.004579
OPEUR,1.021
GTOBUSD,0.02863
SNXETH,0.001005
WBTCBUSD,25970.37
BELETH,0.0004117
LITETH,0.0003426
LEVERUSDT,0.001143
LEVERBUSD,0.001144
BURGERETH,0.00045
PEOPLEETH,6.64e-06
UNFIETH,0.002241
BONDETH,0.002665
STORJTRY,5.66
OPETH,0.000619
ETCTRY,363.4
WINGETH,0.003521
FILETH,0.001949
GLMBUSD,0.1715
SSVBUSD,16.24
STGBTC,2.079e-05
STGBUSD,0.5391
STGUSDT,0.5385
ANKRTRY,0.483
ARKBUSD,0.2251
BETHBUSD,1743.71
LOOMBUSD,0.04051
SNMBUSD,0.2915
AMBBUSD,0.0076
LUNCUSDT,8.975e-05
PHBBUSD,0.6054
GASBUSD,2.294
NEBLBUSD,0.354
PROSBUSD,0.2996
VIBBUSD,0.04443
GMXBTC,0.001703
GMXBUSD,44.15
GMXUSDT,44.09
AGIXBUSD,0.20184
NEBLUSDT,0.355
SNTBUSD,0.02027
POLYXBTC,4.01e-06
POLYXBUSD,0.1037
POLYXUSDT,0.1036
APTBTC,0.00023076
APTUSDT,5.973
APTBUSD,5.9813
BTCPLN,107862.0
ETHPLN,7302.0
BUSDPLN,4.161
APTEUR,5.6212
APTTRY,144.0
APTBRL,39.76
QKCBUSD,0.007269
OSMOBTC,1.798e-05
OSMOUSDT,0.462
OSMOBUSD,0.463
HFTBTC,1.301e-05
HFTBUSD,0.3372
HFTUSDT,0.3367
ARPAETH,2.805e-05
PHBUSDT,0.6049
VITEBUSD,0.01726
HOOKBTC,3.637e-05
HOOKUSDT,0.9416
HOOKBUSD,0.9429
HOOKBNB,0.0040113
MAGICBTC,2.667e-05
MAGICBUSD,0.6907
MAGICUSDT,0.6899
BUSDRON,4.737
HIFIETH,0.000154
HIFIUSDT,0.2681
RPLBTC,0.001705
RPLBUSD,44.19
RPLUSDT,44.16
PROSUSDT,0.2995
FETTRY,4.37
GFTBUSD,0.01299
AGIXUSDT,0.20149
APTETH,0.003407
BTCRON,122040.0
GNSUSDT,3.918
GNSBTC,0.0001513
SYNBTC,2.235e-05
SYNUSDT,0.5791
VIBUSDT,0.0444
SSVUSDT,16.19
LQTYUSDT,0.849
LQTYBTC,3.277e-05
AMBUSDT,0.0076
BETHUSDT,1743.26
CFXTRY,4.353
STXTRY,13.007
USTCUSDT,0.01096326
GASUSDT,2.288
GLMUSDT,0.1713
PROMUSDT,3.78
QKCUSDT,0.007273
UFTUSDT,0.2441
IDBTC,1.034e-05
IDBNB,0.0011379
IDUSDT,0.26753
ARBBTC,3.858e-05
ARBUSDT,0.999
AGIXTRY,4.84
LOOMUSDT,0.04046
OAXUSDT,0.1654
ARBTUSD,1.0007
ARBTRY,24.0
ARBEUR,0.9398
IDTUSD,0.26982
IDTRY,6.43
IDEUR,0.25264
LDOTUSD,1.773
MATICTUSD,0.6331
OPTUSD,1.085
SOLTUSD,15.48
SSVTUSD,16.14
RDNTBTC,9.81e-06
RDNTUSDT,0.2541
RDNTTUSD,0.255
ARBRUB,83.5
JOETRY,8.14
MAGICTRY,16.59
USDTPLN,4.162
ACHTRY,0.4586
XVSTRY,79.4
EGLDRON,143.1
USDTRON,4.734
USDTARS,486.7
DOGETUSD,0.06206
WBTCUSDT,25892.17
EDUUSDT,0.78298
EDUTUSD,0.78512
EDUBNB,0.0033
EDUBTC,3.025e-05
EDUEUR,0.73624
EDUTRY,18.84
SUIUSDT,0.6092
SUITUSD,0.6108
SUIBTC,2.354e-05
SUIBNB,0.00258
SUIEUR,0.571
SUITRY,14.64
AERGOUSDT,0.0949
RNDRTRY,46.55
PEPEUSDT,9.2e-07
PEPETUSD,9.3e-07
FLOKIUSDT,2.137e-05
FLOKITUSD,2.122e-05
OGTRY,104.6
PEPETRY,2.218e-05
WBETHETH,0.9989
ASTUSDT,0.1037
SNTUSDT,0.02022
FLOKITRY,0.0005143
CITYTRY,89.7
COMBOUSDT,0.99
COMBOBNB,0.004217
COMBOTRY,23.8
LTCTRY,1874.0
RADTRY,38.08
